{
  "train_losses": [
    1.803030438837336,
    1.6316079177410405,
    1.4189783811967462,
    1.3098449920094624,
    1.2525825004004159
  ],
  "val_losses": [
    2.2400641685061986,
    1.4502747229735056,
    1.348593360318078,
    1.2290955573982663,
    1.2099790849950578
  ],
  "train_accuracies": [
    25.093176355846598,
    34.591939809815734,
    44.69678498031976,
    49.71611689714027,
    52.39123619770803
  ],
  "val_accuracies": [
    15.519643354694901,
    42.51880746726108,
    46.78183337977153,
    51.574254667038176,
    52.08971858456395
  ],
  "class_names": [
    "angry",
    "disgust",
    "fear",
    "happy",
    "neutral",
    "sad",
    "surprise"
  ],
  "training_time": "2025-06-24 13:22:25",
  "num_epochs": 5,
  "batch_size": 32,
  "learning_rate": 0.001
}